Titolo;Metascore;Metascore_Reviews;User_Score;Developer;Genres;Released_on
Against the Storm;91;20;80;Eremite Games;Management;08/12/2023
Age of Empires Def. Ed.;69;51;68;Forgotten Empires LLC;Command RTS;20/02/2018
Age of Empires II Def. Ed.;84;34;88;Forgotten Empires LLC;Command RTS;14/11/2019
Age of Empires IV: Anniversary Ed.;83;5;87;Relic Entertainment;Command RTS;22/08/2023
Age of Mythology: Retold;83;58;79;World's Edge;Real-Time Strategy;04/09/2024
Alice: Madness Returns;70;67;81;Spicy Horse;3D Platformer;14/06/2011
Aliens: Dark Descent;75;68;77;Tindalos Interactive;Real-Time Tactics;20/06/2023
All You Need Is Help;;;;Q-Games;Action Puzzle;26/09/2024
Among Us;85;9;69;Innersloth;Survival;16/11/2018
Another Crab's Treasure;78;33;76;Aggro Crab;Action Adventure;25/04/2024
Anthem;59;89;40;BioWare;Action RPG;15/02/2019
Anuchard;70;5;46;stellarNull;Action RPG;21/04/2022
Ara: History Untold;74;55;64;Oxide Games;4X Strategy;24/09/2024
Arcade Paradise;73;13;67;Nosebleed Interactive;Virtual Career;11/08/2022
Ark: Survival Ascended;;;51;Studio Wildcard;Sandbox;30/11/2023
ARK: Ultimate Survivor Ed.;66;5;77;Studio Wildcard;Sandbox;01/11/2022
Army of Two;72;76;68;EA Montreal;Third Person Shooter;06/03/2008
Arx Fatalis;71;31;70;Arkane Studios;Western RPG;23/12/2003
As Dusk Falls;77;79;78;INTERIOR/NIGHT;Adventure;19/07/2022
Ashen;78;37;70;A44;Open-World Action;07/12/2018
Assassin's Creed Odyssey;83;95;68;Ubisoft Quebec;Open-World Action;02/10/2018
Assassin's Creed Origins;81;70;73;Ubisoft Montreal;Open-World Action;27/10/2017
Assassin's Creed Valhalla;80;54;60;Ubisoft Montreal;Open-World Action;10/11/2020
Astroneer;71;18;72;System Era Softworks;Sandbox;06/02/2019
Atlas Fallen;64;58;61;Deck 13;Action RPG;10/08/2023
Banjo Kazooie: N n B;79;71;60;Rare Ltd.;3D Platformer;11/11/2008
Banjo-Kazooie;92;19;91;Rare Ltd.;3D Platformer;29/06/1998
Banjo-Tooie;73;19;80;4J Studios;3D Platformer;29/04/2009
The Bard's Tale ARPG: Remastered and Resnarkled;;;71;InXile Entertainment;Western RPG;17/08/2017
The Bard's Tale IV: Director's Cut;84;5;71;InXile Entertainment;Western RPG;27/08/2019
The Bard's Tale Trilogy;;;;Interplay;Compilation;
Batman: Arkham Knight;87;90;81;Rocksteady Studios;Open-World Action;23/06/2015
Battlefield 3;89;61;76;EA DICE;Tactical FPS;25/10/2011
Battlefield 4;81;52;64;EA DICE;FPS;19/10/2013
Battlefield 1 Revolution;;;67;EA DICE;Tactical FPS;21/08/2017
Battlefield 2042;68;84;23;EA DICE;Tactical FPS;19/11/2021
Battlefield Hardline;73;46;53;Visceral Games;Tactical FPS;17/03/2015
Battlefield V;81;57;34;EA DICE;Tactical FPS;20/11/2018
Battletech;78;66;70;Harebrained Schemes LLC;Turn-Based Tactics;24/04/2018
Battletoads;72;69;65;Dlala Studios;Action;20/08/2020
Bejeweled 2;74;10;62;PopCap;Matching Puzzle;29/01/2009
Bejeweled 3;82;27;80;PopCap;Matching Puzzle;07/12/2010
Ben 10: Power Trip;;;35;PHL Collective;3D Platformer;09/10/2020
The Big Con;77;14;61;Mighty Yell;Adventure;31/08/2021
Black;77;65;82;Criterion Games;FPS;28/02/2006
Bleeding Edge;66;47;63;Ninja Theory;Third Person Shooter;24/03/2020
BLiNX: The Time Sweeper;71;36;77;Artoon;3D Platformer;07/10/2002
Bloodstained: Ritual of the Night;83;55;83;ArtPlay;Metroidvania;18/06/2019
Bluey: The Videogame;56;6;51;Artax Games;Action Adventure;17/11/2023
Botany Manor;82;20;77;Balloon Studios;First-Person Adventure;09/04/2024
Broforce;83;32;80;Free Lives;2D Platformer;15/10/2015
Broken Age;81;21;71;Double Fine Productions;Point-and-Click;28/04/2015
Brotato;76;4;78;Blobfish;Top-Down Shoot-'Em-Up;23/06/2023
Brothers: A Tale of Two Sons;79;30;76;Avantgarden Games;Linear Action Adventure;28/02/2024
Brutal Legend;82;88;77;Double Fine Productions;Open-World Action;13/10/2009
Burnout Paradise Remastered;82;41;71;STELLAR ENTERTAINMENT SOFTWARE LTD;Auto Racing;16/03/2018
Call of Duty: Black Ops 6;83;64;65;Treyarch;Tactical FPS;25/10/2024
Call of Duty: Modern Warfare III;56;71;22;Sledgehammer Games;Tactical FPS;10/11/2023
Call of Duty: Warzone;79;9;40;Infinity Ward;Tactical FPS;14/11/2022
Call of the Wild: The Angler;63;7;37;Expansive Worlds;Fishing;31/08/2022
The Callisto Protocol;69;94;68;Striking Distance Studios;Survival;02/12/2022
Car Mechanic Simulator 2021;70;5;70;Red Dot Games;Virtual Career;11/08/2021
Carrion;75;64;76;Phobia Game Studio;Metroidvania;23/07/2020
The Case of the Golden Idol;84;21;79;Color Gray Games;Point-and-Click;13/10/2022
Cassette Beasts;83;19;84;Bytten Studio;Trainer RPG;26/04/2023
The Cave;70;44;77;Double Fine Productions;2D Platformer;23/01/2013
Celeste;92;37;87;Maddy Makes Games;2D Platformer;25/01/2018
Chants of Sennaar;86;15;86;Rundisc;Adventure;05/09/2023
Chivalry 2;82;40;55;Torn Banner Studios;3D Beat-'Em-Up;08/06/2021
Cities: Skylines;85;60;87;Colossal Order;Management;10/03/2015
Cities: Skylines II;74;65;41;Colossal Order;Management;24/10/2023
Citizen Sleeper;82;23;73;Jump Over The Age;Western RPG;05/05/2022
Clone Drone in the Danger Zone;82;5;77;Doborog Games;Action Adventure;16/03/2017
Cocoon;88;43;80;Geometric Interactive;Action Adventure;29/09/2023
Command & Conquer Remastered Collection;82;62;87;Petroglyph;Compilation;05/06/2020
Contrast;59;39;64;Compulsion Games;Action Puzzle;15/11/2013
Control Ultimate Ed.;85;31;78;Remedy Entertainment;Action Adventure;02/02/2021
Cooking Simulator;64;4;58;Big Cheese Studio;Virtual Career;06/06/2019
Core Keeper;85;11;78;Pugstorm;Sandbox;27/08/2024
Costume Quest;77;39;79;Double Fine Productions;Action RPG;19/10/2010
Costume Quest 2;68;27;73;Double Fine Productions;JRPG;07/10/2014
Crackdown 3;60;92;43;Sumo Digital - Elbow Rocket;Open-World Action;15/02/2019
Crash Bandicoot N. Sane Trilogy;80;87;84;Vicarious Visions;Compilation;30/06/2017
Crash Team Racing Nitro-Fueled;83;76;71;Beenox;Auto Racing;21/06/2019
Creatures of Ava;72;19;68;Inverge Studios;Open-World Action;07/08/2024
Cricket 24;57;7;53;Big Ant Studios;Cricket;05/10/2023
Crimson Skies: High Road to Revenge;88;49;88;FASA Studio;Aircraft Combat Sim;21/10/2003
Crusader Kings III;91;66;83;Paradox Interactive;Real-Time Strategy;01/09/2020
Crysis;91;56;81;Crytek;FPS;13/11/2007
Crysis 2;84;72;76;Crytek;FPS;22/03/2011
Crysis 3;76;47;68;Crytek;FPS;19/02/2013
Dante's Inferno;73;71;76;Visceral Games;Linear Action Adventure;09/02/2010
Darkest Dungeon;84;59;79;Red Hook Studios;RPG;03/02/2015
Day of the Tentacle Remastered;86;39;80;Double Fine Productions;Point-and-Click;21/03/2016
DayZ;31;6;39;Dean 'Rocket' Hall;Survival;30/05/2019
Dead by Daylight;64;18;54;505 Games;Survival;20/06/2017
Dead Cells;89;40;83;Motion Twin;Metroidvania;07/08/2018
Dead Island 2;73;91;74;Deep Silver Dambuster Studios;FPS;21/04/2023
Dead Space [2008];89;79;87;EA Redwood Shores;Third Person Shooter;13/10/2008
Dead Space [2023];89;96;84;Motive Studios;Survival;27/01/2023
Dead Space 2;90;83;87;Visceral Games;Third Person Shooter;25/01/2011
Dead Space 3;78;68;64;Visceral Games;Linear Action Adventure;05/02/2013
Dead Space Ignition;35;26;42;Sumo Digital;Action Puzzle;13/10/2010
Death's Door;85;61;81;Acid Nerve;Action Adventure;20/07/2021
Deathloop;88;116;68;Arkane Studios;FPS;14/09/2021
Deep Rock Galactic;85;21;84;Ghost Ship Games;FPS;13/05/2020
Depersonalization;;;;Meow method nature;Western RPG;19/12/2022
Descenders;75;15;64;RageSquid;Biking;25/08/2020
Diablo;94;12;86;Blizzard Entertainment;Action RPG;31/12/1996
Diablo IV;86;96;25;Blizzard Entertainment;Action RPG;06/06/2023
DIRT 5;79;38;53;Codemasters;Auto Racing Sim;03/11/2020
DiRT Rally 2.0;84;35;65;Codemasters;Auto Racing Sim;26/02/2019
Dishonored 2;88;67;80;Arkane Studios;Action Adventure;10/11/2016
Dishonored Def. Ed.;80;32;78;Arkane Studios;Action Adventure;25/08/2015
Dishonored: Death of the Outsider;82;49;71;Arkane Studios;Action Adventure;15/09/2017
Disney Dreamlight Valley;70;13;56;Gameloft;Virtual Life;05/12/2023
Disneyland Adventures;73;33;41;Frontier Developments;Action Adventure;15/11/2011
Donut County;75;29;72;Ben Esposito;Action Adventure;28/08/2018
DOOM;79;73;83;Panic Button;FPS;10/11/2017
DOOM [1993];82;26;85;Nerve Software;FPS;27/09/2006
DOOM 3;87;83;77;id Software;FPS;03/08/2004
DOOM 64;76;10;80;Nightdive Studios;FPS;20/03/2020
Doom Eternal;88;68;86;id Software;FPS;20/03/2020
Dordogne;76;12;74;Un Je Ne Sais Quoi;Adventure;13/06/2023
Dragon Age: Origins;86;68;85;BioWare;Western RPG;03/11/2009
Dragon Age II;79;75;49;BioWare;Action RPG;08/03/2011
Dragon Age: Inquisition;85;45;61;BioWare;Western RPG;18/11/2014
Dune: Spice Wars;73;21;62;Shiro Games;4X Strategy;14/09/2023
Dungeon Keeper;;;90;Bullfrog Productions;Real-Time Strategy;26/06/1997
Dungeon Keeper 2;;;89;Bullfrog Productions;Real-Time Strategy;30/06/1999
Dungeons of Hinterberg;80;42;77;Microbird Games;Open-World Action;18/07/2024
EA Sports FC 24;75;76;25;EA Canada;Soccer Sim;29/09/2023
EA Sports PGA Tour;76;31;62;EA Tiburon;Golf Sim;04/04/2023
EA Sports UFC 3;75;57;44;EA Sports;Combat Sport;30/01/2018
EA Sports UFC 5;78;36;31;EA Vancouver;Combat Sport;27/10/2023
EA Sports WRC;80;22;64;Codemasters;Auto Racing Sim;03/11/2023
Eiyuden Chronicle: Hundred Heroes;79;38;71;Rabbit & Bear Studios;JRPG;23/04/2024
The Elder Scrolls Adventures: Redguard;;;66;Bethesda Softworks;Action Adventure;31/10/1998
An Elder Scrolls Legend: Battlespire;;;55;Bethesda Softworks;Western RPG;30/11/1997
The Elder Scrolls Online;71;64;57;ZeniMax Media;MMORPG;04/04/2014
The Elder Scrolls Online: Tamriel Unlimited;74;30;75;ZeniMax Media;MMORPG;09/06/2015
The Elder Scrolls III: Morrowind;87;34;85;Bethesda Softworks;Western RPG;06/06/2002
The Elder Scrolls IV: Oblivion;94;90;85;Bethesda Game Studios;Western RPG;20/03/2006
The Elder Scrolls V: Skyrim Special Ed.;84;67;83;Iron Galaxy Studios;Western RPG;17/11/2017
Evil West;73;46;70;Flying Wild Hog;Third Person Shooter;22/11/2022
The Evil Within;75;65;78;Tango Gameworks;Survival;14/10/2014
The Evil Within 2;76;71;81;Tango Gameworks;Survival;13/10/2017
Expeditions: A MudRunner Game;77;23;55;Saber Interactive;Vehicle Sim;05/03/2024
Figment;75;13;71;Bedtime Digital Games;Action Adventure;28/06/2018
F1 2021;84;32;66;Codemasters;Auto Racing Sim;15/07/2021
F1 22;79;40;43;Codemasters;Auto Racing Sim;28/06/2022
F1 23;82;38;61;Codemasters;Auto Racing Sim;16/06/2023
Fable Anniversary;68;53;73;Lionhead Studios;Action RPG;04/02/2014
Fable II;89;95;79;Lionhead Studios;Action RPG;21/10/2008
Fable III;80;88;67;Lionhead Studios;Action RPG;26/10/2010
Fallout;89;12;87;Black Isle Studios;Western RPG;09/10/1997
Fallout 2;86;15;91;Black Isle Studios;Western RPG;29/10/1998
Fallout 3;93;84;82;Bethesda Game Studios;Western RPG;28/10/2008
Fallout 4;87;59;70;Bethesda Game Studios;Western RPG;10/11/2015
Fallout 76;52;49;29;Bethesda Game Studios;Western RPG;14/11/2018
Fallout: New Vegas;84;81;86;Obsidian Entertainment;Western RPG;19/10/2010
Fallout Tactics;82;25;76;14 Degrees East;Action RPG;14/03/2001
Far Cry 5;81;90;69;Ubisoft Montreal;Open-World Action;27/03/2018
Far Cry 6;73;64;53;Ubisoft Toronto;Open-World Action;07/10/2021
Farming Simulator 22;75;14;68;Giants Software;Virtual Career;22/11/2021
Fe;70;55;63;Zoink!;Open-World Action;16/02/2018
Feeding Frenzy;65;16;68;Sprout Games;Puzzle;10/03/2006
Feeding Frenzy 2;65;10;70;Gastronaut Studios;Puzzle;17/09/2008
Fight Night Champion;86;59;75;EA Canada;Combat Sport;01/03/2011
Firewatch;81;69;73;Campo Santo;First-Person Adventure;09/02/2016
Firework;;;69;Pick up studio;Adventure;03/02/2021
Flintlock: The Siege of Dawn;70;28;44;A44;Action RPG;17/07/2024
Flock;75;18;44;Hollow Ponds;Adventure;16/07/2024
Football Manager 2024;84;43;70;Sports Interactive;Soccer Management;06/11/2023
For Honor Marching Fire Ed.;78;8;37;Ubisoft;Action Adventure;16/10/2018
For the King II;76;10;78;IronOak Games;Roguelike;02/11/2023
Forza Horizon 5;92;110;82;Playground Games;Auto Racing Sim;05/11/2021
Forza Motorsport;84;79;69;Turn 10;Auto Racing Sim;10/10/2023
Frostpunk;84;70;83;11 bit studios;Management;24/04/2018
Frostpunk 2;85;87;75;11 bit studios;Management;17/09/2024
Full Throttle Remastered;77;25;74;Double Fine Productions;Point-and-Click;18/04/2017
Fuzion Frenzy;70;28;72;Blitz Games;Party;14/11/2001
Galacticare;80;6;67;Brightrock Games;Tycoon;23/05/2024
Gang Beasts;68;18;67;Boneloaf;Party;12/12/2017
Gears 5;84;98;82;The Coalition;Third Person Shooter;06/09/2019
Gears of War;94;88;82;Epic Games;Third Person Shooter;07/11/2006
Gears of War 2;93;90;84;Epic Games;Third Person Shooter;07/11/2008
Gears of War 3;91;96;81;Epic Games;Third Person Shooter;20/09/2011
Gears of War 4;84;103;71;The Coalition;Third Person Shooter;11/10/2016
Gears of War: Judgment;79;81;58;Epic Games;Third Person Shooter;19/03/2013
Gears of War Ultimate Ed.;82;74;78;The Coalition - Splash Damage;Third Person Shooter;25/08/2015
Gears Tactics;80;99;78;Splash Damage;Turn-Based Tactics;28/04/2020
Generation Zero;51;31;58;Avalanche Studios;Open-World Action;26/03/2019
Genesis Noir;77;22;64;Feral Cat Den;Point-and-Click;26/03/2021
Genshin Impact;81;26;50;miHoYo;Action RPG;28/09/2020
Ghostwire: Tokyo;75;128;83;Tango Gameworks;Action Adventure;22/03/2022
Gigantic: Rampage Edition;65;6;45;Abstraction Games;MOBA;09/04/2024
Go Mecha Ball;70;10;70;Whale Peak Games;Top-Down Shoot-'Em-Up;25/01/2024
Goat Simulator;62;39;66;Coffee Stain Studios;Open-World Action;01/04/2014
Goat Simulator Remastered;65;4;42;Coffee Stain Studios;Open-World Action;07/11/2024
Goat Simulator 3;68;26;79;Coffee Stain North;Open-World Action;17/11/2022
GoldenEye 007;96;21;89;Rare Ltd.;FPS;25/08/1997
Golf With Your Friends;68;12;55;Blacklight Interactive;Golf;19/05/2020
GRID Legends;76;36;63;Codemasters;Auto Racing Sim;25/02/2022
Grim Fandango Remastered;80;45;78;Double Fine Productions;Third-Person Adventure;27/01/2015
GRIS;83;46;81;Nomada Studio;2D Platformer;13/12/2018
Grounded;83;30;79;Obsidian Entertainment;Sandbox;27/09/2022
The Gunk;70;43;68;Image & Form;3D Platformer;16/12/2021
Halo: Combat Evolved Anniversary;82;73;80;343 Industries;FPS;15/11/2011
Halo 2: Anniversary;71;5;79;343 Industries;FPS;12/05/2020
Halo 3;94;86;87;Bungie;FPS;25/09/2007
Halo 3: ODST;91;4;78;343 Industries;FPS;22/09/2020
Halo 4;87;87;71;343 Industries;FPS;06/11/2012
Halo 5: Guardians;84;103;64;343 Industries;FPS;27/10/2015
Halo Infinite;87;110;79;343 Industries;FPS;15/11/2021
Halo: Reach;91;99;84;Bungie;FPS;14/09/2010
Halo Wars Def. Ed.;81;9;78;Microsoft Game Studios;Command RTS;21/02/2017
Halo Wars 2;79;85;65;Creative Assembly;Real-Time Strategy;17/02/2017
Halo: Spartan Assault;53;28;45;343 Industries - Vanguard;Top-Down Shoot-'Em-Up;23/12/2013
Halo: Spartan Strike;66;9;63;343 Industries - Vanguard Games;Top-Down Shoot-'Em-Up;16/04/2015
Halo: The Master Chief Collection;85;69;78;343 Industries;Compilation;11/11/2014
Harold Halibut;69;28;68;Slow Bros.;Adventure;16/04/2024
Hauntii;69;10;73;Moonloop Games LLC;Action Adventure;23/05/2024
Have a Nice Death;81;27;74;Magic Design Studios;2D Platformer;22/03/2023
Heavy Weapon;77;17;73;PopCap;Vertical Shoot-'Em-Up;17/01/2007
Hell Let Loose;79;15;64;Black Matter;Tactical FPS;27/07/2021
Hellblade: Senua's Sacrifice;81;71;78;Ninja Theory;Action Adventure;08/08/2017
Hi-Fi Rush;87;63;89;Tango Gameworks;Action Adventure;25/01/2023
Hollow Knight Voidheart Ed.;89;8;89;Team Cherry;Metroidvania;25/09/2018
Homestead Arcana;62;4;43;Serenity Forge;Sandbox;21/04/2023
Hot Wheels Unleashed 2 – Turbocharged;77;41;67;Milestone S.r.l;Auto Racing;19/10/2023
House Flipper;67;7;73;Empyrean;Virtual Career;17/05/2018
Human Fall Flat;70;22;73;No Brakes Games;3D Platformer;22/07/2016
Humanity;86;36;79;Tha Ltd.;Action Puzzle;16/05/2023
theHunter: Call of the Wild;64;13;65;Expansive Worlds;Hunting;16/02/2017
Hypnospace Outlaw;83;22;73;Tendershoot;Point-and-Click;12/03/2019
Immortals Fenyx Rising;81;53;77;Ubisoft Quebec;Open-World Action;03/12/2020
Immortals of Aveum;69;77;61;Ascendant Studios;FPS;22/08/2023
Indiana Jones and the Great Circle;86;78;83;MachineGames;Action Adventure;09/12/2024
Indivisible;77;45;69;Lab Zero Games;Action RPG;08/10/2019
Injustice 2;87;93;79;NetherRealm Studios;2D Fighting;16/05/2017
Inscryption;85;54;85;Daniel Mullins Games;Card Battle;19/10/2021
Inside;93;92;83;PLAYDEAD;2D Platformer;29/06/2016
Iron Brigade;82;43;81;Double Fine Productions;Defense;22/06/2011
Isonzo;67;10;65;"M2H &amp; BlackMill Games";Tactical FPS;13/09/2022
It Takes Two;88;50;89;Hazelight;Linear Action Adventure;26/03/2021
Jade Empire;89;84;82;BioWare;Action RPG;12/04/2005
Jetpac Refulled;73;17;67;Rare Ltd.;2D Platformer;24/10/2006
Journey to the Savage Planet;74;60;70;Typhoon Studios;Open-World Action;28/01/2020
Joy Ride Turbo;67;20;79;BigPark;Auto Racing;23/05/2012
Jurassic World Evolution 2;78;26;72;Frontier Developments;Tycoon;09/11/2021
Jusant;85;33;76;DONTNOD Entertainment;Action Adventure;31/10/2023
Kameo;79;76;81;Rare Ltd.;Action Adventure;07/11/2005
Keplerth;;;;TARO;Sandbox;23/05/2022
Killer Instinct Def. Ed.;86;4;80;Microsoft Game Studios;2D Fighting;20/09/2016
Kona;71;22;68;Parabole;First-Person Adventure;23/03/2017
Kona II: Brume;79;4;59;Parabole;Third-Person Adventure;18/10/2023
Kunitsu-Gami: Path of the Goddess;80;48;77;Capcom;Action Adventure;19/07/2024
The Lamplighters League;73;23;62;Harebrained Schemes LLC;Turn-Based Tactics;03/10/2023
The Last Case of Benedict Fox;58;17;69;Plot Twist;Metroidvania;27/04/2023
League of Legends;78;37;48;Riot Games;MOBA;27/10/2009
Legend of Mana Remastered;72;36;67;M2;JRPG;24/06/2021
Legends of Runeterra;87;15;66;Riot Games;Card Battle;29/04/2020
LEGO Star Wars: The Skywalker Saga;82;64;78;TT Games;Action Adventure;05/04/2022
Lies of P;80;71;83;Round 8 Studio of NEOWIZ;Action Adventure;19/09/2023
Lightyear Frontier;;;;;Sandbox;
Lil Gator Game;84;17;84;Scott Slucher;Open-World Action;14/12/2022
Limbo;90;89;81;PLAYDEAD;2D Platformer;21/07/2010
Little Kitty, Big City;79;16;76;Double Dagger Studio;Open-World Action;09/05/2024
A Little to the Left;75;26;73;Max Inferno;Puzzle;08/11/2022
Lonely Mountains: Snow Riders;86;7;74;Megagon Industries;Skiing;21/01/2025
Lords of the Fallen;75;66;67;Hexworks;Action RPG;13/10/2023
Lost in Random;78;32;76;Zoink;Action Adventure;10/09/2021
Mad Streets;;;60;Craftshop Arts Inc.;3D Beat-'Em-Up;27/08/2021
Madden NFL 23;69;31;16;EA Tiburon;Football Sim;16/08/2022
Madden NFL 24;65;22;17;EA Tiburon;Football Sim;18/08/2023
Mafia: Definitive Edition;78;48;73;Hangar 13;Open-World Action;19/05/2020
Magical Delicacy;82;12;54;Skaule;Metroidvania;16/07/2024
Maneater;70;47;65;Tripwire Interactive;Open-World Action;22/05/2020
Manor Lords;;;;;Management;
Maquette;70;44;62;Graceful Decay;First-Person Adventure;02/03/2021
Mass Effect;91;74;86;BioWare;Western RPG;20/11/2007
Mass Effect 2;96;98;89;BioWare;Western RPG;26/01/2010
Mass Effect 3;93;74;62;BioWare;Action RPG;06/03/2012
Mass Effect Legendary Ed.;87;47;75;BioWare;Compilation;14/05/2021
Mass Effect: Andromeda;71;67;51;BioWare;Action RPG;21/03/2017
Massive Chalice;73;31;60;Double Fine Productions;Turn-Based Tactics;01/06/2015
Max: The Curse of Brotherhood;72;51;74;Press Play;Action Adventure;20/12/2013
MechWarrior 5: Clans;78;22;66;Piranha Games;Vehicle Combat Sim;16/10/2024
MechWarrior 5: Mercenaries;73;37;54;Piranha Games;Vehicle Combat Sim;10/12/2019
Medal of Honor Airborne;73;54;71;Electronic Arts;FPS;04/09/2007
Medal of Honor Allied Assault War Chest;;;77;Various;FPS;02/03/2004
Medieval Dynasty;73;15;66;Render Cube;Survival;17/12/2020
Merge & Blade;;;61;Magic Cube;Action Puzzle;28/02/2023
Metal Slug Tactics;78;36;69;Leikir Studio - Leikir Studio;Turn-Based Tactics;05/11/2024
Microsoft Flight Simulator 40th Anniversary Ed.;;;70;Asobo Studio;Aircraft Sim;11/11/2022
Microsoft Flight Simulator 2024;77;33;48;Asobo Studio;Aircraft Sim;19/11/2024
Microsoft Solitaire Collection;;;70;Microsoft Game Studios;Board;17/08/2021
Middle-earth: Shadow of War;80;73;52;Monolith Productions;Open-World Action;10/10/2017
Minecraft Dungeons;70;56;66;Mojang AB;Action RPG;26/05/2020
Minecraft;93;33;82;Mojang AB;Sandbox;18/11/2011
Minecraft Legends;71;65;57;Mojang AB - Blackbird Interactive;Real-Time Strategy;18/04/2023
Mirror's Edge;79;82;77;EA DICE;Action Adventure;11/11/2008
Mirror's Edge Catalyst;69;52;59;EA DICE;Action Adventure;07/06/2016
MLB The Show 24;80;34;41;San Diego Studio;Baseball Sim;19/03/2024
Monster Hunter Rise;88;130;85;Capcom;Action RPG;26/03/2021
Monster Sanctuary;74;11;79;Moi Rai Games;Action Adventure;08/12/2020
Moonlighter;81;28;72;Digital Sun;Action RPG;29/05/2018
Mortal Kombat 11;82;88;41;NetherRealm Studios;2D Fighting;23/04/2019
Mount & Blade II: Bannerlord;77;25;80;Taleworlds Entertainment;Western RPG;25/10/2022
Moving Out 2;80;17;65;SMG Studio;Virtual Career;15/08/2023
My Friend Peppa Pig;;;67;PETOONS STUDIO SL;Adventure;22/10/2021
My Time at Sandrock;80;18;76;Pathea Games;RPG;02/11/2023
NBA Live 19;73;27;65;EA Tiburon;Basketball Sim;07/09/2018
Need for Speed Rivals;80;53;63;Ghost Games;Auto Racing Sim;15/11/2013
Need for Speed;66;69;60;Ghost Games;Auto Racing Sim;03/11/2015
Need for Speed Heat;72;61;63;Ghost Games;Auto Racing;08/11/2019
Need for Speed Hot Pursuit Remastered;75;36;59;Criterion Games;Auto Racing;06/11/2020
Need for Speed Most Wanted;84;49;61;Criterion Games;Auto Racing;30/10/2012
Need for Speed Payback;61;61;37;Ghost Games;Auto Racing;07/11/2017
Need for Speed Rivals;80;53;63;Ghost Games;Auto Racing Sim;15/11/2013
Need for Speed Unbound;77;54;59;Criterion Games;Auto Racing;29/11/2022
Neon Abyss;74;12;66;Veewo Games;2D Platformer;14/07/2020
Neon White;89;44;84;Angel Matrix;FPS;16/06/2022
New Super Lucky's Tale;76;28;80;Playful Corp.;3D Platformer;08/11/2019
NHL 23;71;25;31;EA Vancouver;Hockey Sim;11/10/2022
NHL 24;71;19;36;EA Vancouver;Hockey Sim;06/10/2023
NHL 94 Rewind;;;70;Electronic Arts;Hockey Sim;30/10/2020
Ni no Kuni II: Revenant Kingdom The Prince's Ed.;80;39;77;Level 5;JRPG;17/09/2021
Nickelodeon All-Star Brawl 2;77;15;67;Ludosity Interactive - Fair Play Labs;2D Fighting;07/11/2023
Nine Sols;84;20;85;Red Candle Games;2D Platformer;28/05/2024
Ninja Gaiden 3: Razor's Edge;69;41;74;Team Ninja;Action Adventure;18/11/2012
Ninja Gaiden ?;72;47;74;Team Ninja;Action Adventure;21/02/2012
Ninja Gaiden ?2;83;52;78;Team Ninja;Action Adventure;29/09/2009
Ninja Gaiden Master Collection;73;44;69;Team Ninja;Compilation;10/06/2021
Ninja Gaiden II Black;81;9;78;Team Ninja;Action Adventure;23/01/2025
No Man's Sky;71;100;55;Hello Games;Open-World Action;09/08/2016
No More Heroes 3;75;105;80;Grasshopper Manufacture;Open-World Action;27/08/2021
Octopath Traveler;83;87;83;Acquire;JRPG;12/07/2018
Octopath Traveler II;85;61;86;Acquire;JRPG;24/02/2023
Open Roads;67;32;63;Open Roads Team;Adventure;28/03/2024
Orcs Must Die! 3;77;10;71;Robot Entertainment;Defense;23/07/2021
Ori and the Blind Forest Def. Ed.;88;24;83;Moon Studios;Metroidvania;11/03/2016
Ori & The Will of the Wisps;90;76;89;Moon Studios;Metroidvania;11/03/2020
The Outer Worlds;85;82;78;Obsidian Entertainment;Western RPG;25/10/2019
Overcooked! 2;81;40;79;Ghost Town Games Ltd.;Arcade;07/08/2018
Overthrown;;;;Brimstone Games;Sandbox;
Palworld;;;;;Sandbox;
PAW Patrol Mighty Pups Save Adventure Bay;;;72;Drakhar Studio;3D Platformer;06/11/2020
PAW Patrol World;79;4;54;3DClouds;Open-World Action;29/09/2023
Payday 2: Crimewave Edition;79;51;41;Overkill Software;FPS;13/08/2013
Peggle;89;32;78;PopCap;Action Puzzle;11/03/2009
Peggle 2;77;39;71;PopCap;Action Puzzle;09/12/2013
Peggle Nights;89;5;75;PopCap;Action Puzzle;18/11/2009
Pentiment;86;60;76;Obsidian Entertainment;Adventure;15/11/2022
Perfect Dark;97;30;85;Rare Ltd.;FPS;22/05/2000
Perfect Dark Zero;81;75;64;Rare Ltd.;FPS;17/11/2005
Persona 3 Reload;87;70;87;P-Studio;JRPG;02/02/2024
Phoenix Point;74;50;58;Snapshot Games Inc.;Turn-Based Tactics;03/12/2019
Pillars of Eternity II: Deadfire Ultimate Ed.;76;5;49;Obsidian Entertainment;Western RPG;28/01/2020
Pillars of Eternity: Complete Ed./Hero Ed.;85;25;71;Paradox Arctic;Western RPG;29/08/2017
A Plague Tale: Requiem;82;70;82;Asobo Studio;Linear Action Adventure;18/10/2022
Planet of Lana;80;39;79;Wishfully;Action Adventure;23/05/2023
Plants vs. Zombies;87;41;87;PopCap;Defense;05/05/2009
Plants vs. Zombies: Battle for Neighborville;77;25;57;PopCap;Tactical Third Person Shooter;04/09/2019
Plants vs. Zombies Garden Warfare;76;65;75;PopCap;Tactical Third Person Shooter;25/02/2014
Plants vs. Zombies Garden Warfare 2;80;66;83;PopCap;Tactical Third Person Shooter;23/02/2016
PlateUp!;;;69;It's happening;Real-Time Strategy;04/08/2022
Populous;;;;Bullfrog Productions;Strategy;
Populous II: Trials of the Olympian Gods;;;;Bullfrog Productions;Strategy;
PowerWash Simulator;75;15;72;FuturLab;Virtual Career;14/07/2022
Prey;79;76;80;Arkane Studios;Action RPG;05/05/2017
Psychonauts;88;54;82;Double Fine Productions;3D Platformer;20/04/2005
Psychonauts 2;87;72;81;Double Fine Productions;3D Platformer;25/08/2021
Quake;94;9;87;id Software;FPS;22/06/1996
Quake II;;;88;id Software;FPS;09/12/1997
Quake III Arena;93;25;85;Raster;FPS;22/10/2000
Quake 4;81;62;76;Raven Software;FPS;11/10/2005
Quantum Break;77;112;73;Remedy Entertainment;Action;05/04/2016
Rage;81;77;68;id Software;FPS;04/10/2011
Rage 2;73;64;56;Avalanche Studios - id Software;FPS;13/05/2019
Rare Replay;84;76;80;Rare Ltd. - Code Mystics Inc.;Compilation;04/08/2015
ReCore;63;78;68;comcept - Armature Studio;Action Adventure;13/09/2016
Redfall;56;75;36;Arkane Studios;FPS;02/05/2023
Remnant II;80;71;71;Gunfire Games;Third Person Shooter;25/07/2023
Resident Evil 2;91;94;89;Capcom R&D Division 1;Survival;25/01/2019
Resident Evil 3;79;90;67;M-Two;Survival;03/04/2020
Return to Castle Wolfenstein;84;38;79;Nerve Software;FPS;06/05/2003
Return to Grace;78;12;72;Creative Bytes;First-Person Adventure;30/05/2023
Return to Monkey Island;87;59;76;Terrible Toybox;Point-and-Click;19/09/2022
Riders Republic;77;51;68;Ubisoft;Individual Sports;28/10/2021
Rise of Nations;89;30;87;Big Huge Games;Real-Time Strategy;20/05/2003
Road 96;79;44;77;Digixart Entertainment;First-Person Adventure;16/08/2021
Robin Hood – Sherwood Builders;;;53;MeanAstronauts;Open-World Action;29/02/2024
Roboquest;85;5;87;RyseUp Studios;FPS;07/11/2023
Rocket Arena;73;29;52;Final Strike Games;FPS;14/07/2020
Rolling Hills;74;9;71;Catch & Release;Tycoon;04/06/2024
Rush: A Disney Pixar Adventure;68;31;53;Asobo Studio;Adventure;20/03/2012
Ryse;60;77;65;Crytek;Linear Action Adventure;22/11/2013
The Saboteur;73;69;78;Pandemic Studios;Open-World Action;08/12/2009
ScreamRide;71;63;69;Frontier Developments;Simulation;03/03/2015
Sea of Solitude;69;50;60;Jo-Mei Games;Linear Action Adventure;05/07/2019
Sea of Stars;87;52;80;Sabotage Studio;JRPG;29/08/2023
Sea of Thieves;69;78;56;Rare Ltd.;Open-World Action;20/03/2018
Senua's Saga: Hellblade II;81;100;74;Ninja Theory;Action Adventure;21/05/2024
Serious Sam: Siberian Mayhem;70;25;79;Croteam;FPS;25/01/2022
Shadow of the Tomb Raider Def. Ed.;;;71;Eidos Montreal;Action Adventure;05/11/2019
Shadowrun Returns;76;54;74;Harebrained Schemes LLC;Turn-Based Tactics;25/07/2013
Shadowrun: Dragonfall Director's Cut;87;5;82;Harebrained Schemes LLC;Turn-Based Tactics;18/09/2014
Shadowrun: Hong Kong Extended Ed.;;;50;Codeglue - Harebrained Schemes LLC;Western RPG;21/06/2022
Sifu;81;83;79;Sloclap;3D Beat-'Em-Up;08/02/2022
SimCity;64;75;23;Maxis;Management;05/03/2013
SimCity 2000;62;9;75;Full Fat;Management;13/11/2003
SimCity 4;84;36;86;Maxis;Management;12/01/2003
The Sims 3;86;75;78;The Sims Studio;Virtual Life;02/06/2009
The Sims 4;70;75;43;Maxis;Virtual Life;02/09/2014
Skate 3;80;65;86;EA Black Box;Skating;11/05/2010
Skate [2007];86;59;82;EA Black Box;Skating;14/09/2007
Slay the Spire;89;28;79;Mega Crit Games;Card Battle;23/01/2019
Slayers X: Terminal Aftermath: Vengance of the Slayer;80;6;69;Big Z Studios;FPS;01/06/2023
Sniper Elite 5;77;60;64;Rebellion;Tactical FPS;26/05/2022
SnowRunner;81;23;71;Saber Interactive;Vehicle Sim;28/04/2020
Solar Ash;77;45;73;Heart Machine;Action Adventure;02/12/2021
South Park: The Fractured But Whole;79;75;78;Ubisoft San Francisco;RPG;17/10/2017
Space Engineers;68;4;52;Keen Software House;Sandbox;15/04/2020
Spiritfarer: Farewell Edition;84;37;82;Thunder Lotus Games;Sandbox;18/08/2020
Spirittea;76;10;69;Cheesemaster Games;Virtual Life;13/11/2023
SpongeBob SquarePants: Battle for Bikini Bottom – Rehydrated;68;38;88;Purple Lamp Studios;3D Platformer;23/06/2020
Spore;84;75;74;Maxis;Strategy;07/09/2008
Spyro Reignited Trilogy;82;83;83;Toys for Bob;Compilation;13/11/2018
SSX;82;65;65;EA Canada;Skiing;28/02/2012
Stacking;84;68;81;Double Fine Productions;Action Puzzle;09/02/2011
S.T.A.L.K.E.R. 2: Heart of Chornobyl;73;78;78;GSC Game World;FPS;20/11/2024
Star Trucker;73;15;61;Monster & Monster;Space Sim;03/09/2024
Star Wars Jedi: Fallen Order;79;81;76;Respawn Entertainment;Action Adventure;15/11/2019
Star Wars Battlefront;73;60;51;EA DICE;Tactical FPS;17/11/2015
Star Wars Battlefront II;68;67;18;EA DICE;Tactical FPS;14/11/2017
Star Wars Jedi: Survivor;85;121;69;Respawn Entertainment;Open-World Action;28/04/2023
Star Wars: Squadrons;79;52;56;Motive Studios;Space Combat Sim;02/10/2020
Starbound;81;23;73;Chucklefish;Sandbox;22/07/2016
StarCraft: Remastered;85;31;79;Blizzard Entertainment;Command RTS;14/08/2017
Stardew Valley;89;32;88;ConcernedApe;RPG;26/02/2016
Starfield;83;90;68;Bethesda Game Studios;Western RPG;06/09/2023
State of Decay 2;66;78;58;Undead Labs;Survival;18/05/2018
State of Decay: Year One;72;47;69;Undead Labs;Survival;28/04/2015
SteamWorld Build;74;31;72;The Station;Sandbox;01/12/2023
SteamWorld Dig;82;31;79;Image & Form;Metroidvania;08/08/2013
SteamWorld Dig 2;88;38;84;Image & Form;Metroidvania;21/09/2017
Stellaris;78;59;80;Paradox Development Studio;Real-Time Strategy;09/05/2016
Still Wakes the Deep;74;46;77;The Chinese Room;Survival;18/06/2024
Sunset Overdrive;81;89;79;Insomniac Games;Third Person Shooter;28/10/2014
Super Lucky's Tale;64;54;70;Playful Corp.;3D Platformer;07/11/2017
Super Mega Baseball 3;83;12;71;Metalhead Software;Baseball;13/05/2020
Super Mega Baseball 4;79;13;78;Metalhead Software;Baseball;02/06/2023
Superhot: Mind Control Delete;78;35;68;SUPERHOT;Tactical FPS;16/07/2020
Superliminal;74;38;78;Pillow Castle Games;First-Person Adventure;12/11/2019
Tales of Arise;87;78;83;Bandai Namco Games;Action RPG;10/09/2021
Tchia;77;37;66;Awaceb;Open-World Action;21/03/2023
Teamfight Tactics;79;4;36;Riot Games;Turn-Based Tactics;18/03/2020
Techtonica;;;;Fire Hose Games;Sandbox;07/11/2024
Teenage Mutant Ninja Turtles: Shredder's Revenge;85;47;81;Tribute Games;2D Beat-'Em-Up;16/06/2022
Tell Me Why;78;46;58;DONTNOD Entertainment;Adventure;27/08/2020
Terra Invicta;;;47;Pavonis Interactive;Strategy;30/01/2023
Terraria;81;39;83;Engine Software;Sandbox;27/03/2013
Thirsty Suitors;80;22;54;Outerloop Games;Action Adventure;02/11/2023
This War of Mine: Final Cut;82;12;75;11 bit studios;Board;10/05/2022
Titanfall 2;89;64;85;Respawn Entertainment;FPS;28/10/2016
Tom Clancy's Rainbow Six Siege;73;40;70;Ubisoft Montreal;Tactical FPS;01/12/2015
Tom Clancy's Ghost Recon Wildlands;70;66;65;Ubisoft Paris;Open-World Action;07/03/2017
Tomb Raider Def. Ed.;85;54;81;Nixxes Software - Crystal Dynamics;Linear Action Adventure;28/01/2014
Torment: Tides of Numenera;81;76;69;InXile Entertainment;Western RPG;26/01/2016
Totally Accurate Battle Simulator;;;78;LandFall;Real-Time Tactics;17/12/2019
Totally Reliable Delivery Service;64;6;53;We're Five Games;Open-World Action;01/04/2021
Trailmakers;;;76;Flashbulb;Sandbox;21/05/2020
Train Sim World 5;;;55;Dovetail Games;Train Sim;17/09/2024
Trials of Mana;76;54;76;Xeen;Action RPG;24/04/2020
Tunic;85;66;79;ISOMETRICORP Games;Open-World Action;16/03/2022
Turbo Golf Racing;;;;Huge Calf Studios;Golf;04/04/2024
Turnip Boy Robs a Bank;82;19;76;Snoozy Kazoo;Action Adventure;18/01/2024
UFC 4;78;47;22;EA Vancouver;Combat Sport;14/08/2020
Unpacking;83;28;75;Witch Beam;Puzzle;02/11/2021
Unravel;78;76;81;Coldwood Interactive;2D Platformer;09/02/2016
Unravel Two;77;49;77;Coldwood Interactive;2D Platformer;09/06/2018
Valorant;80;45;48;Riot Games;Tactical FPS;02/06/2020
Vampire Survivors;86;31;82;poncle;Top-Down Shoot-'Em-Up;20/10/2022
Viva Pinata;84;65;78;Rare Ltd.;Virtual Life;09/11/2006
Viva Pinata TIP;82;64;83;Rare Ltd.;Virtual Life;02/09/2008
The Walking Dead: A New Frontier Complete Season;69;19;65;Telltale Games;Point-and-Click;20/12/2016
The Walking Dead: Michonne Complete Season;67;8;64;Skybound Games;Third-Person Adventure;26/04/2016
Wargroove 2;85;13;59;Robotality;Turn-Based Tactics;05/10/2023
Warhammer 40,000: Boltgun;75;49;76;Auroch Digital;FPS;23/05/2023
Warhammer 40,000: Darktide;74;75;53;Fatshark;FPS;30/11/2022
Wartales;79;18;78;Shiro Games;Western RPG;12/04/2023
Wasteland 2 Director's Cut;80;21;75;InXile Entertainment;Western RPG;13/10/2015
Wasteland 3;85;65;77;InXile Entertainment;Western RPG;28/08/2020
Wasteland Remastered;64;5;71;Krome Studios;Western RPG;25/02/2020
Watch Dogs 2;82;99;76;Ubisoft Montreal;Open-World Action;15/11/2016
A Way Out;78;66;79;Hazelight;Linear Action Adventure;23/03/2018
We Happy Few;62;66;59;Compulsion Games;Action Adventure;10/08/2018
We Love Katamari Reroll + Royal Reverie;81;18;75;MONKEYCRAFT Co. Ltd.;Action Adventure;02/06/2023
Wild Hearts;79;58;66;Omega Force;Action RPG;17/02/2023
Wildfrost;80;18;82;Deadpan Games;Card Battle;12/04/2023
Wo Long: Fallen Dynasty;80;76;65;Team Ninja;Action RPG;03/03/2023
Wolfenstein 3D;66;10;76;Nerve Software;FPS;03/06/2009
Wolfenstein: The New Order;79;73;80;MachineGames;FPS;20/05/2014
Wolfenstein: The Old Blood;76;55;76;MachineGames;FPS;05/05/2015
Wolfenstein: Youngblood;69;59;25;MachineGames - Arkane Studios;FPS;26/07/2019
Wolfenstein II: The New Colossus;87;73;74;MachineGames;FPS;27/10/2017
World War Z: Aftermath;80;7;63;Saber Interactive;Tactical Third Person Shooter;21/09/2021
Wreckfest;81;33;75;Bugbear;Auto Racing;14/06/2018
Yakuza 0;85;94;88;Ryu ga Gotoku Studios;Open-World Action;24/01/2017
Yakuza 3 Remastered;77;10;71;Ryu ga Gotoku Studios;Open-World Action;11/02/2020
Yakuza 4 Remastered;78;8;75;Ryu ga Gotoku Studios;Open-World Action;29/10/2019
Yakuza 5 Remastered;82;7;80;Ryu ga Gotoku Studios;Open-World Action;11/02/2020
Yakuza 6: The Song of Life;83;97;85;Ryu ga Gotoku Studios;Open-World Action;17/04/2018
Yakuza Kiwami;80;73;80;Ryu ga Gotoku Studios;Open-World Action;29/08/2017
Yakuza Kiwami 2;85;72;84;Ryu ga Gotoku Studios;Open-World Action;28/08/2018
Yakuza: Like a Dragon;84;56;82;Ryu ga Gotoku Studios;JRPG;10/11/2020
The Yakuza Remastered Collection;83;23;79;Ryu ga Gotoku Studios;Compilation;20/08/2019
Zombie Army 4: Dead War;72;60;62;Rebellion;Third Person Shooter;04/02/2020
Zoo Tycoon: Ultimate Animal Collection;70;6;59;Asobo Studio;Tycoon;31/10/2017
Zuma;77;16;70;Oberon Media;Matching Puzzle;22/11/2005
Zuma's Revenge;78;17;75;PopCap;Action Puzzle;15/09/2009
